strategy_name,params,metrics.total_return,metrics.annualized_return,metrics.annualized_volatility,metrics.max_drawdown,metrics.sharpe_ratio,metrics.sortino_ratio,metrics.calmar_ratio,metrics.win_rate,metrics.n_days
raw_mom_60d_top1_weekly,"{'score_method': 'raw_mom', 'lookback_days': 60, 'top_k': 1, 'rebalance': 'weekly', 'enable_trend_filter': False, 'sma_period': 50, 'mom_weight': 0.4, 'trend_weight': 0.3, 'vol_weight': 0.3, 'cost_bps': 3.0}",0.623464066228983,0.0589751289940891,0.348437534730002,-0.6475398496519036,0.0975070869457732,0.1011265317680067,0.0910756751507915,0.336931018301267,2131
raw_mom_60d_top1_monthly,"{'score_method': 'raw_mom', 'lookback_days': 60, 'top_k': 1, 'rebalance': 'monthly', 'enable_trend_filter': False, 'sma_period': 50, 'mom_weight': 0.4, 'trend_weight': 0.3, 'vol_weight': 0.3, 'cost_bps': 3.0}",0.0188756673311256,0.0022137713073422,0.2858728011108877,-0.6169016850015933,-0.079707578349922,-0.0890659125950856,0.0035885317890427,0.35053965274519,2131
raw_mom_60d_top2_weekly,"{'score_method': 'raw_mom', 'lookback_days': 60, 'top_k': 2, 'rebalance': 'weekly', 'enable_trend_filter': False, 'sma_period': 50, 'mom_weight': 0.4, 'trend_weight': 0.3, 'vol_weight': 0.3, 'cost_bps': 3.0}",0.9854285569590516,0.0844825282535894,0.2990995306768262,-0.517090561155459,0.1988720213602063,0.2147132378436427,0.1633805267394747,0.351008916001877,2131
raw_mom_60d_top2_monthly,"{'score_method': 'raw_mom', 'lookback_days': 60, 'top_k': 2, 'rebalance': 'monthly', 'enable_trend_filter': False, 'sma_period': 50, 'mom_weight': 0.4, 'trend_weight': 0.3, 'vol_weight': 0.3, 'cost_bps': 3.0}",0.3795696209161625,0.038784091346504,0.2755537758772016,-0.6376657731797625,0.0500232352201438,0.056091534642896,0.0608219744225954,0.3650868137024871,2131
raw_mom_60d_top3_weekly,"{'score_method': 'raw_mom', 'lookback_days': 60, 'top_k': 3, 'rebalance': 'weekly', 'enable_trend_filter': False, 'sma_period': 50, 'mom_weight': 0.4, 'trend_weight': 0.3, 'vol_weight': 0.3, 'cost_bps': 3.0}",1.3895594608673725,0.108505180143831,0.2640615660723002,-0.4200830464890709,0.3162337533095115,0.3491241905783657,0.2582945944871735,0.351478179258564,2131
raw_mom_60d_top3_monthly,"{'score_method': 'raw_mom', 'lookback_days': 60, 'top_k': 3, 'rebalance': 'monthly', 'enable_trend_filter': False, 'sma_period': 50, 'mom_weight': 0.4, 'trend_weight': 0.3, 'vol_weight': 0.3, 'cost_bps': 3.0}",0.5937255754294535,0.0566624634700589,0.2564407179821461,-0.6030966949582337,0.1234689394071318,0.139724378430982,0.0939525352132513,0.3646175504458001,2131
raw_mom_90d_top1_weekly,"{'score_method': 'raw_mom', 'lookback_days': 90, 'top_k': 1, 'rebalance': 'weekly', 'enable_trend_filter': False, 'sma_period': 50, 'mom_weight': 0.4, 'trend_weight': 0.3, 'vol_weight': 0.3, 'cost_bps': 3.0}",0.2008306253819107,0.0218780311777699,0.3443462941365901,-0.6777496066963611,-0.0090663639347651,-0.0092155709957814,0.0322804040926158,0.337869544814641,2131
raw_mom_90d_top1_monthly,"{'score_method': 'raw_mom', 'lookback_days': 90, 'top_k': 1, 'rebalance': 'monthly', 'enable_trend_filter': False, 'sma_period': 50, 'mom_weight': 0.4, 'trend_weight': 0.3, 'vol_weight': 0.3, 'cost_bps': 3.0}",-0.2476276527113928,-0.0330864525131053,0.2840683204584531,-0.6063593384529042,-0.2044805715025196,-0.2366531938672976,-0.0545657507271576,0.343031440638198,2131
raw_mom_90d_top2_weekly,"{'score_method': 'raw_mom', 'lookback_days': 90, 'top_k': 2, 'rebalance': 'weekly', 'enable_trend_filter': False, 'sma_period': 50, 'mom_weight': 0.4, 'trend_weight': 0.3, 'vol_weight': 0.3, 'cost_bps': 3.0}",1.0208618687595918,0.0867534627277604,0.2944716795486657,-0.4460810158273461,0.2097093439423764,0.2237504837413886,0.1944791633126526,0.347724073205068,2131
raw_mom_90d_top2_monthly,"{'score_method': 'raw_mom', 'lookback_days': 90, 'top_k': 2, 'rebalance': 'monthly', 'enable_trend_filter': False, 'sma_period': 50, 'mom_weight': 0.4, 'trend_weight': 0.3, 'vol_weight': 0.3, 'cost_bps': 3.0}",-0.1560834472710749,-0.0198679367414317,0.2629084737768177,-0.6016257447703552,-0.1706599110210498,-0.1978598577038661,-0.0330237475941383,0.3575786015954951,2131
raw_mom_90d_top3_weekly,"{'score_method': 'raw_mom', 'lookback_days': 90, 'top_k': 3, 'rebalance': 'weekly', 'enable_trend_filter': False, 'sma_period': 50, 'mom_weight': 0.4, 'trend_weight': 0.3, 'vol_weight': 0.3, 'cost_bps': 3.0}",1.3304061288786273,0.1052241938205758,0.2643376273283588,-0.3905393119222456,0.30349138952103,0.3278985000588388,0.2694330394107044,0.351947442515251,2131
raw_mom_90d_top3_monthly,"{'score_method': 'raw_mom', 'lookback_days': 90, 'top_k': 3, 'rebalance': 'monthly', 'enable_trend_filter': False, 'sma_period': 50, 'mom_weight': 0.4, 'trend_weight': 0.3, 'vol_weight': 0.3, 'cost_bps': 3.0}",0.1995801347963848,0.0217521344924331,0.2527090585750579,-0.6147431844569774,-0.0128521926593389,-0.0147782821330312,0.0353841002916487,0.3566400750821211,2131
raw_mom_120d_top1_weekly,"{'score_method': 'raw_mom', 'lookback_days': 120, 'top_k': 1, 'rebalance': 'weekly', 'enable_trend_filter': False, 'sma_period': 50, 'mom_weight': 0.4, 'trend_weight': 0.3, 'vol_weight': 0.3, 'cost_bps': 3.0}",-0.0367730535255129,-0.0044207438061232,0.3392190301158799,-0.6464969022739668,-0.0867308175371908,-0.086642977131277,-0.006837996888421,0.3190990145471609,2131
raw_mom_120d_top1_monthly,"{'score_method': 'raw_mom', 'lookback_days': 120, 'top_k': 1, 'rebalance': 'monthly', 'enable_trend_filter': False, 'sma_period': 50, 'mom_weight': 0.4, 'trend_weight': 0.3, 'vol_weight': 0.3, 'cost_bps': 3.0}",-0.1457499003077319,-0.0184563137951895,0.2982747816928895,-0.6325853474146204,-0.1456922155756805,-0.1663279627709539,-0.0291760058474648,0.34584702017832,2131
raw_mom_120d_top2_weekly,"{'score_method': 'raw_mom', 'lookback_days': 120, 'top_k': 2, 'rebalance': 'weekly', 'enable_trend_filter': False, 'sma_period': 50, 'mom_weight': 0.4, 'trend_weight': 0.3, 'vol_weight': 0.3, 'cost_bps': 3.0}",0.2991410373430958,0.0314314058050912,0.291414416455155,-0.4994167074780611,0.0220696212744883,0.0233223493208585,0.0629362320772419,0.329892069450962,2131
raw_mom_120d_top2_monthly,"{'score_method': 'raw_mom', 'lookback_days': 120, 'top_k': 2, 'rebalance': 'monthly', 'enable_trend_filter': False, 'sma_period': 50, 'mom_weight': 0.4, 'trend_weight': 0.3, 'vol_weight': 0.3, 'cost_bps': 3.0}",-0.0178375055166727,-0.0021261386478015,0.2630743239335441,-0.6167839993579766,-0.103112072064676,-0.1175837898029689,-0.0034471365178322,0.352416705771938,2131
raw_mom_120d_top3_weekly,"{'score_method': 'raw_mom', 'lookback_days': 120, 'top_k': 3, 'rebalance': 'weekly', 'enable_trend_filter': False, 'sma_period': 50, 'mom_weight': 0.4, 'trend_weight': 0.3, 'vol_weight': 0.3, 'cost_bps': 3.0}",0.8479732102465523,0.0753204886927791,0.2574265142910943,-0.4083385983820457,0.1954751585373893,0.210389036455862,0.1844559612812026,0.339746597841389,2131
raw_mom_120d_top3_monthly,"{'score_method': 'raw_mom', 'lookback_days': 120, 'top_k': 3, 'rebalance': 'monthly', 'enable_trend_filter': False, 'sma_period': 50, 'mom_weight': 0.4, 'trend_weight': 0.3, 'vol_weight': 0.3, 'cost_bps': 3.0}",0.1622097506878494,0.0179353050214527,0.248830612232197,-0.584069845184631,-0.028391582993634,-0.0322900113553471,0.0307074661863141,0.3594556546222431,2131
raw_mom_180d_top1_weekly,"{'score_method': 'raw_mom', 'lookback_days': 180, 'top_k': 1, 'rebalance': 'weekly', 'enable_trend_filter': False, 'sma_period': 50, 'mom_weight': 0.4, 'trend_weight': 0.3, 'vol_weight': 0.3, 'cost_bps': 3.0}",-0.1655552514175655,-0.0211752923720573,0.3475383148647342,-0.7099111735808451,-0.1328638898132119,-0.134237999097518,-0.0298280871749737,0.3064289066166119,2131
raw_mom_180d_top1_monthly,"{'score_method': 'raw_mom', 'lookback_days': 180, 'top_k': 1, 'rebalance': 'monthly', 'enable_trend_filter': False, 'sma_period': 50, 'mom_weight': 0.4, 'trend_weight': 0.3, 'vol_weight': 0.3, 'cost_bps': 3.0}",-0.2830907189019794,-0.0385913735872331,0.3032398099688355,-0.6791296805175353,-0.2097065474146306,-0.2332295510343104,-0.0568247489313445,0.329422806194275,2131
raw_mom_180d_top2_weekly,"{'score_method': 'raw_mom', 'lookback_days': 180, 'top_k': 2, 'rebalance': 'weekly', 'enable_trend_filter': False, 'sma_period': 50, 'mom_weight': 0.4, 'trend_weight': 0.3, 'vol_weight': 0.3, 'cost_bps': 3.0}",0.3573712884236057,0.0367933247329388,0.2985856415815456,-0.5087708526435915,0.0394972935418865,0.0418213474584996,0.072318067243356,0.3162834350070389,2131
raw_mom_180d_top2_monthly,"{'score_method': 'raw_mom', 'lookback_days': 180, 'top_k': 2, 'rebalance': 'monthly', 'enable_trend_filter': False, 'sma_period': 50, 'mom_weight': 0.4, 'trend_weight': 0.3, 'vol_weight': 0.3, 'cost_bps': 3.0}",-0.1456703959596424,-0.0184455115321477,0.2727414087008116,-0.6016470464405856,-0.1592919525461793,-0.1805252715347577,-0.03065835965002,0.342562177381511,2131
raw_mom_180d_top3_weekly,"{'score_method': 'raw_mom', 'lookback_days': 180, 'top_k': 3, 'rebalance': 'weekly', 'enable_trend_filter': False, 'sma_period': 50, 'mom_weight': 0.4, 'trend_weight': 0.3, 'vol_weight': 0.3, 'cost_bps': 3.0}",0.803834954868955,0.0722508112401083,0.263768834980458,-0.3625061584994199,0.1791372026327865,0.1910970983906147,0.1993091966745827,0.3237916471140309,2131
raw_mom_180d_top3_monthly,"{'score_method': 'raw_mom', 'lookback_days': 180, 'top_k': 3, 'rebalance': 'monthly', 'enable_trend_filter': False, 'sma_period': 50, 'mom_weight': 0.4, 'trend_weight': 0.3, 'vol_weight': 0.3, 'cost_bps': 3.0}",0.0541919594281836,0.0062603350837495,0.2540883820140051,-0.6023427592026196,-0.0737525453454913,-0.0823335970771259,0.0103933101014395,0.342092914124824,2131
sharpe_mom_60d_top1_weekly,"{'score_method': 'sharpe_mom', 'lookback_days': 60, 'top_k': 1, 'rebalance': 'weekly', 'enable_trend_filter': False, 'sma_period': 50, 'mom_weight': 0.4, 'trend_weight': 0.3, 'vol_weight': 0.3, 'cost_bps': 3.0}",0.3646494334653498,0.0374491783525887,0.3118121718224094,-0.6214460017165232,0.0399252482025593,0.0401784270531682,0.0602613553698129,0.343500703894885,2131
sharpe_mom_60d_top1_monthly,"{'score_method': 'sharpe_mom', 'lookback_days': 60, 'top_k': 1, 'rebalance': 'monthly', 'enable_trend_filter': False, 'sma_period': 50, 'mom_weight': 0.4, 'trend_weight': 0.3, 'vol_weight': 0.3, 'cost_bps': 3.0}",0.3646731997430175,0.0374513149399506,0.2887485036511417,-0.6229253625020221,0.0431216604848419,0.0467484817699582,0.0601216729874746,0.353355232285312,2131
sharpe_mom_60d_top2_weekly,"{'score_method': 'sharpe_mom', 'lookback_days': 60, 'top_k': 2, 'rebalance': 'weekly', 'enable_trend_filter': False, 'sma_period': 50, 'mom_weight': 0.4, 'trend_weight': 0.3, 'vol_weight': 0.3, 'cost_bps': 3.0}",0.9098320771292768,0.0795155440067154,0.2873612819095308,-0.4737391676407525,0.1897108185363623,0.2004609960737457,0.1678466747909135,0.352416705771938,2131
sharpe_mom_60d_top2_monthly,"{'score_method': 'sharpe_mom', 'lookback_days': 60, 'top_k': 2, 'rebalance': 'monthly', 'enable_trend_filter': False, 'sma_period': 50, 'mom_weight': 0.4, 'trend_weight': 0.3, 'vol_weight': 0.3, 'cost_bps': 3.0}",0.8440117393232982,0.0750476370203832,0.2766014395695283,-0.5741471646372459,0.1809377315543684,0.204532262085452,0.1307114998430747,0.3716564992961051,2131
sharpe_mom_60d_top3_weekly,"{'score_method': 'sharpe_mom', 'lookback_days': 60, 'top_k': 3, 'rebalance': 'weekly', 'enable_trend_filter': False, 'sma_period': 50, 'mom_weight': 0.4, 'trend_weight': 0.3, 'vol_weight': 0.3, 'cost_bps': 3.0}",1.2977688916955177,0.1033823781520177,0.2602074205592165,-0.4224135665159025,0.3012303722298341,0.3250122312306547,0.2447420877239409,0.352885969028625,2131
sharpe_mom_60d_top3_monthly,"{'score_method': 'sharpe_mom', 'lookback_days': 60, 'top_k': 3, 'rebalance': 'monthly', 'enable_trend_filter': False, 'sma_period': 50, 'mom_weight': 0.4, 'trend_weight': 0.3, 'vol_weight': 0.3, 'cost_bps': 3.0}",0.8434297507472999,0.0750075082349266,0.2607170980591264,-0.6116835102419506,0.19180755158446,0.2164174783282884,0.1226247021196591,0.3660253402158611,2131
sharpe_mom_90d_top1_weekly,"{'score_method': 'sharpe_mom', 'lookback_days': 90, 'top_k': 1, 'rebalance': 'weekly', 'enable_trend_filter': False, 'sma_period': 50, 'mom_weight': 0.4, 'trend_weight': 0.3, 'vol_weight': 0.3, 'cost_bps': 3.0}",-0.0137803394972105,-0.001639571739445,0.3084817976346717,-0.6635371403151624,-0.0863570296325676,-0.0860437535662112,-0.0024709569967196,0.334115438761145,2131
sharpe_mom_90d_top1_monthly,"{'score_method': 'sharpe_mom', 'lookback_days': 90, 'top_k': 1, 'rebalance': 'monthly', 'enable_trend_filter': False, 'sma_period': 50, 'mom_weight': 0.4, 'trend_weight': 0.3, 'vol_weight': 0.3, 'cost_bps': 3.0}",0.2007530626172116,0.0218702256900165,0.2949666770336537,-0.6763489750743231,-0.0106106030059334,-0.0116388881191495,0.0323357120303364,0.351478179258564,2131
sharpe_mom_90d_top2_weekly,"{'score_method': 'sharpe_mom', 'lookback_days': 90, 'top_k': 2, 'rebalance': 'weekly', 'enable_trend_filter': False, 'sma_period': 50, 'mom_weight': 0.4, 'trend_weight': 0.3, 'vol_weight': 0.3, 'cost_bps': 3.0}",0.629728984206321,0.0594575629233802,0.2783889320151386,-0.4591167409571412,0.1237749025220099,0.1295744958016098,0.1295042363287088,0.345377756921633,2131
sharpe_mom_90d_top2_monthly,"{'score_method': 'sharpe_mom', 'lookback_days': 90, 'top_k': 2, 'rebalance': 'monthly', 'enable_trend_filter': False, 'sma_period': 50, 'mom_weight': 0.4, 'trend_weight': 0.3, 'vol_weight': 0.3, 'cost_bps': 3.0}",0.4316324959275415,0.0433445622839467,0.2678054518871564,-0.5847753061627022,0.0684995848840169,0.0782563373027531,0.0741217384303963,0.3664946034725481,2131
sharpe_mom_90d_top3_weekly,"{'score_method': 'sharpe_mom', 'lookback_days': 90, 'top_k': 3, 'rebalance': 'weekly', 'enable_trend_filter': False, 'sma_period': 50, 'mom_weight': 0.4, 'trend_weight': 0.3, 'vol_weight': 0.3, 'cost_bps': 3.0}",1.5097928487869106,0.114959041593365,0.2614243535449341,-0.4094811672423667,0.3441111754643879,0.3760779289959067,0.2807431715786875,0.353355232285312,2131
sharpe_mom_90d_top3_monthly,"{'score_method': 'sharpe_mom', 'lookback_days': 90, 'top_k': 3, 'rebalance': 'monthly', 'enable_trend_filter': False, 'sma_period': 50, 'mom_weight': 0.4, 'trend_weight': 0.3, 'vol_weight': 0.3, 'cost_bps': 3.0}",0.6420633549054686,0.060402619051622,0.2552783025295332,-0.575986448187774,0.1386824446136635,0.1590985250170551,0.1048681253554953,0.363209760675739,2131
sharpe_mom_120d_top1_weekly,"{'score_method': 'sharpe_mom', 'lookback_days': 120, 'top_k': 1, 'rebalance': 'weekly', 'enable_trend_filter': False, 'sma_period': 50, 'mom_weight': 0.4, 'trend_weight': 0.3, 'vol_weight': 0.3, 'cost_bps': 3.0}",0.2959119693556673,0.0311279085869526,0.3154053847147191,-0.6071101521148002,0.0194286746007691,0.018934784322756,0.0512722583842851,0.330830595964336,2131
sharpe_mom_120d_top1_monthly,"{'score_method': 'sharpe_mom', 'lookback_days': 120, 'top_k': 1, 'rebalance': 'monthly', 'enable_trend_filter': False, 'sma_period': 50, 'mom_weight': 0.4, 'trend_weight': 0.3, 'vol_weight': 0.3, 'cost_bps': 3.0}",0.3870769982908342,0.0394509708446901,0.2946595272536047,-0.646363946332606,0.0490429445108444,0.0536112835269523,0.0610352280143878,0.353355232285312,2131
sharpe_mom_120d_top2_weekly,"{'score_method': 'sharpe_mom', 'lookback_days': 120, 'top_k': 2, 'rebalance': 'weekly', 'enable_trend_filter': False, 'sma_period': 50, 'mom_weight': 0.4, 'trend_weight': 0.3, 'vol_weight': 0.3, 'cost_bps': 3.0}",0.5100227184228814,0.0499426401080393,0.2763791068191719,-0.4663946449060896,0.0902479221208235,0.0927638528574886,0.1070823618013357,0.336931018301267,2131
sharpe_mom_120d_top2_monthly,"{'score_method': 'sharpe_mom', 'lookback_days': 120, 'top_k': 2, 'rebalance': 'monthly', 'enable_trend_filter': False, 'sma_period': 50, 'mom_weight': 0.4, 'trend_weight': 0.3, 'vol_weight': 0.3, 'cost_bps': 3.0}",0.4528127866183224,0.045158111870813,0.2644858087573992,-0.6182078225663153,0.0762162324153399,0.0856170555346379,0.0730468140686928,0.3641482871891131,2131
sharpe_mom_120d_top3_weekly,"{'score_method': 'sharpe_mom', 'lookback_days': 120, 'top_k': 3, 'rebalance': 'weekly', 'enable_trend_filter': False, 'sma_period': 50, 'mom_weight': 0.4, 'trend_weight': 0.3, 'vol_weight': 0.3, 'cost_bps': 3.0}",1.000106176058278,0.0854275238255184,0.2569958127371322,-0.3997344476800055,0.2351303827947058,0.2512863550973725,0.213710687986302,0.347254809948381,2131
sharpe_mom_120d_top3_monthly,"{'score_method': 'sharpe_mom', 'lookback_days': 120, 'top_k': 3, 'rebalance': 'monthly', 'enable_trend_filter': False, 'sma_period': 50, 'mom_weight': 0.4, 'trend_weight': 0.3, 'vol_weight': 0.3, 'cost_bps': 3.0}",0.5358957666994113,0.0520541287860778,0.25263302870251,-0.5708079615657371,0.107088645237815,0.1220198284952451,0.0911937679413096,0.362740497419052,2131
sharpe_mom_180d_top1_weekly,"{'score_method': 'sharpe_mom', 'lookback_days': 180, 'top_k': 1, 'rebalance': 'weekly', 'enable_trend_filter': False, 'sma_period': 50, 'mom_weight': 0.4, 'trend_weight': 0.3, 'vol_weight': 0.3, 'cost_bps': 3.0}",-0.0769105880889917,-0.0094191569043368,0.3153687207122163,-0.5595664494582889,-0.1091394125156291,-0.1069745832019049,-0.0168329550734419,0.3148756452369779,2131
sharpe_mom_180d_top1_monthly,"{'score_method': 'sharpe_mom', 'lookback_days': 180, 'top_k': 1, 'rebalance': 'monthly', 'enable_trend_filter': False, 'sma_period': 50, 'mom_weight': 0.4, 'trend_weight': 0.3, 'vol_weight': 0.3, 'cost_bps': 3.0}",0.038238689393258,0.0044474386719692,0.3102205201904883,-0.6391054319180896,-0.0662514565942014,-0.0716675514092618,0.0069588497450594,0.337400281557954,2131
sharpe_mom_180d_top2_weekly,"{'score_method': 'sharpe_mom', 'lookback_days': 180, 'top_k': 2, 'rebalance': 'weekly', 'enable_trend_filter': False, 'sma_period': 50, 'mom_weight': 0.4, 'trend_weight': 0.3, 'vol_weight': 0.3, 'cost_bps': 3.0}",0.1261816537583404,0.0141517000361905,0.2786204799492217,-0.5211053981521584,-0.0389357593734189,-0.0399902247046291,0.027157078177222,0.3190990145471609,2131
sharpe_mom_180d_top2_monthly,"{'score_method': 'sharpe_mom', 'lookback_days': 180, 'top_k': 2, 'rebalance': 'monthly', 'enable_trend_filter': False, 'sma_period': 50, 'mom_weight': 0.4, 'trend_weight': 0.3, 'vol_weight': 0.3, 'cost_bps': 3.0}",0.2157995689199405,0.0233761657044391,0.2757390546005461,-0.604915885421229,-0.0058890253972665,-0.0065557068651946,0.0386436631403079,0.350070389488503,2131
sharpe_mom_180d_top3_weekly,"{'score_method': 'sharpe_mom', 'lookback_days': 180, 'top_k': 3, 'rebalance': 'weekly', 'enable_trend_filter': False, 'sma_period': 50, 'mom_weight': 0.4, 'trend_weight': 0.3, 'vol_weight': 0.3, 'cost_bps': 3.0}",0.7922507058528594,0.0714341961533371,0.2595766456227883,-0.437030082034978,0.1788843370016206,0.1921444373148907,0.163453727992161,0.3233223838573439,2131
sharpe_mom_180d_top3_monthly,"{'score_method': 'sharpe_mom', 'lookback_days': 180, 'top_k': 3, 'rebalance': 'monthly', 'enable_trend_filter': False, 'sma_period': 50, 'mom_weight': 0.4, 'trend_weight': 0.3, 'vol_weight': 0.3, 'cost_bps': 3.0}",0.2380538835031438,0.0255736498661627,0.2640255134580345,-0.5734051725378134,0.0021727061852827,0.0024441089418494,0.0445996148813538,0.34584702017832,2131
sortino_mom_60d_top1_weekly,"{'score_method': 'sortino_mom', 'lookback_days': 60, 'top_k': 1, 'rebalance': 'weekly', 'enable_trend_filter': False, 'sma_period': 50, 'mom_weight': 0.4, 'trend_weight': 0.3, 'vol_weight': 0.3, 'cost_bps': 3.0}",0.4292595558741314,0.0431399095070044,0.33269730133016,-0.6001911389784679,0.0545237650996238,0.0541365544645421,0.0718769516998018,0.342562177381511,2131
sortino_mom_60d_top1_monthly,"{'score_method': 'sortino_mom', 'lookback_days': 60, 'top_k': 1, 'rebalance': 'monthly', 'enable_trend_filter': False, 'sma_period': 50, 'mom_weight': 0.4, 'trend_weight': 0.3, 'vol_weight': 0.3, 'cost_bps': 3.0}",0.3982679943041487,0.0404391815185907,0.2808812166568098,-0.6024997279846301,0.0549669419064601,0.061407120003449,0.067119003777579,0.351008916001877,2131
sortino_mom_60d_top2_weekly,"{'score_method': 'sortino_mom', 'lookback_days': 60, 'top_k': 2, 'rebalance': 'weekly', 'enable_trend_filter': False, 'sma_period': 50, 'mom_weight': 0.4, 'trend_weight': 0.3, 'vol_weight': 0.3, 'cost_bps': 3.0}",0.8442338099599573,0.0750629461041392,0.2889202599590118,-0.4909447883614456,0.1732759970216054,0.1826829033336265,0.15289488326104,0.352885969028625,2131
sortino_mom_60d_top2_monthly,"{'score_method': 'sortino_mom', 'lookback_days': 60, 'top_k': 2, 'rebalance': 'monthly', 'enable_trend_filter': False, 'sma_period': 50, 'mom_weight': 0.4, 'trend_weight': 0.3, 'vol_weight': 0.3, 'cost_bps': 3.0}",0.6047162239755886,0.0575215688385366,0.280254783876677,-0.605611566241,0.1160428678100545,0.1310651994422976,0.0949809614693624,0.3697794462693571,2131
sortino_mom_60d_top3_weekly,"{'score_method': 'sortino_mom', 'lookback_days': 60, 'top_k': 3, 'rebalance': 'weekly', 'enable_trend_filter': False, 'sma_period': 50, 'mom_weight': 0.4, 'trend_weight': 0.3, 'vol_weight': 0.3, 'cost_bps': 3.0}",1.3096460194070163,0.1040552937455496,0.260941249361621,-0.428830445649414,0.3029620419882034,0.3278427802122966,0.2426490348369971,0.3557015485687471,2131
sortino_mom_60d_top3_monthly,"{'score_method': 'sortino_mom', 'lookback_days': 60, 'top_k': 3, 'rebalance': 'monthly', 'enable_trend_filter': False, 'sma_period': 50, 'mom_weight': 0.4, 'trend_weight': 0.3, 'vol_weight': 0.3, 'cost_bps': 3.0}",0.7439632987476223,0.0679793096263132,0.2612406456827409,-0.6200901848925946,0.1645199946355542,0.1857772487481261,0.1096281013351113,0.3674331299859221,2131
sortino_mom_90d_top1_weekly,"{'score_method': 'sortino_mom', 'lookback_days': 90, 'top_k': 1, 'rebalance': 'weekly', 'enable_trend_filter': False, 'sma_period': 50, 'mom_weight': 0.4, 'trend_weight': 0.3, 'vol_weight': 0.3, 'cost_bps': 3.0}",-0.1549687612516754,-0.0197149330280494,0.3280092294765785,-0.6793167069543006,-0.1363221794075839,-0.1337139592866645,-0.0290217108253393,0.333646175504458,2131
sortino_mom_90d_top1_monthly,"{'score_method': 'sortino_mom', 'lookback_days': 90, 'top_k': 1, 'rebalance': 'monthly', 'enable_trend_filter': False, 'sma_period': 50, 'mom_weight': 0.4, 'trend_weight': 0.3, 'vol_weight': 0.3, 'cost_bps': 3.0}",0.2688721881645024,0.0285599576711346,0.287775419532596,-0.6124699880664524,0.0123706106550611,0.0139458517040896,0.0466307871856667,0.349131862975129,2131
sortino_mom_90d_top2_weekly,"{'score_method': 'sortino_mom', 'lookback_days': 90, 'top_k': 2, 'rebalance': 'weekly', 'enable_trend_filter': False, 'sma_period': 50, 'mom_weight': 0.4, 'trend_weight': 0.3, 'vol_weight': 0.3, 'cost_bps': 3.0}",0.506432394777234,0.0496471190239267,0.2843117846351704,-0.5398915506131672,0.0866904587003101,0.090631417195028,0.0919575773459342,0.345377756921633,2131
sortino_mom_90d_top2_monthly,"{'score_method': 'sortino_mom', 'lookback_days': 90, 'top_k': 2, 'rebalance': 'monthly', 'enable_trend_filter': False, 'sma_period': 50, 'mom_weight': 0.4, 'trend_weight': 0.3, 'vol_weight': 0.3, 'cost_bps': 3.0}",0.1976531591805066,0.0215579040183253,0.26819285730778,-0.6178269281437353,-0.012834405868328,-0.0143589852996276,0.034893111705403,0.3683716564992961,2131
sortino_mom_90d_top3_weekly,"{'score_method': 'sortino_mom', 'lookback_days': 90, 'top_k': 3, 'rebalance': 'weekly', 'enable_trend_filter': False, 'sma_period': 50, 'mom_weight': 0.4, 'trend_weight': 0.3, 'vol_weight': 0.3, 'cost_bps': 3.0}",1.356118573297432,0.1066592737341241,0.2616535934702104,-0.4290874365564189,0.3120892499549069,0.338924083141461,0.2485723529686703,0.35053965274519,2131
sortino_mom_90d_top3_monthly,"{'score_method': 'sortino_mom', 'lookback_days': 90, 'top_k': 3, 'rebalance': 'monthly', 'enable_trend_filter': False, 'sma_period': 50, 'mom_weight': 0.4, 'trend_weight': 0.3, 'vol_weight': 0.3, 'cost_bps': 3.0}",0.5316458826475174,0.0517094608267028,0.2544996877514125,-0.5844639024735062,0.1049488942901642,0.119754195248258,0.0884733182115499,0.363209760675739,2131
sortino_mom_120d_top1_weekly,"{'score_method': 'sortino_mom', 'lookback_days': 120, 'top_k': 1, 'rebalance': 'weekly', 'enable_trend_filter': False, 'sma_period': 50, 'mom_weight': 0.4, 'trend_weight': 0.3, 'vol_weight': 0.3, 'cost_bps': 3.0}",-0.4028869753871991,-0.0591557949353649,0.3245569177483049,-0.6446898259884558,-0.2592944113446013,-0.2494874345601163,-0.0917585365096551,0.3237916471140309,2131
sortino_mom_120d_top1_monthly,"{'score_method': 'sortino_mom', 'lookback_days': 120, 'top_k': 1, 'rebalance': 'monthly', 'enable_trend_filter': False, 'sma_period': 50, 'mom_weight': 0.4, 'trend_weight': 0.3, 'vol_weight': 0.3, 'cost_bps': 3.0}",0.5081898633607904,0.0497918545232096,0.2920320300895782,-0.5764313979195842,0.0848942991479564,0.09479731664185,0.0863794975480429,0.351478179258564,2131
sortino_mom_120d_top2_weekly,"{'score_method': 'sortino_mom', 'lookback_days': 120, 'top_k': 2, 'rebalance': 'weekly', 'enable_trend_filter': False, 'sma_period': 50, 'mom_weight': 0.4, 'trend_weight': 0.3, 'vol_weight': 0.3, 'cost_bps': 3.0}",0.4010748451257491,0.040685943738197,0.283825454138307,-0.4783882739965923,0.055266162740123,0.0574082627649465,0.085047953617874,0.335523228531206,2131
sortino_mom_120d_top2_monthly,"{'score_method': 'sortino_mom', 'lookback_days': 120, 'top_k': 2, 'rebalance': 'monthly', 'enable_trend_filter': False, 'sma_period': 50, 'mom_weight': 0.4, 'trend_weight': 0.3, 'vol_weight': 0.3, 'cost_bps': 3.0}",0.6069879759061254,0.0576984974570367,0.2657541007746339,-0.5834099949033223,0.1230404248202583,0.1389078090183177,0.0988987126739198,0.363679023932426,2131
sortino_mom_120d_top3_weekly,"{'score_method': 'sortino_mom', 'lookback_days': 120, 'top_k': 3, 'rebalance': 'weekly', 'enable_trend_filter': False, 'sma_period': 50, 'mom_weight': 0.4, 'trend_weight': 0.3, 'vol_weight': 0.3, 'cost_bps': 3.0}",1.0525485318187844,0.088754728600217,0.2588347462774865,-0.4085368905899456,0.2463144130265576,0.2655643351941265,0.2172502181432164,0.343969967151572,2131
sortino_mom_120d_top3_monthly,"{'score_method': 'sortino_mom', 'lookback_days': 120, 'top_k': 3, 'rebalance': 'monthly', 'enable_trend_filter': False, 'sma_period': 50, 'mom_weight': 0.4, 'trend_weight': 0.3, 'vol_weight': 0.3, 'cost_bps': 3.0}",0.5540673648724455,0.0535184355482869,0.2529977488162447,-0.5692070085805111,0.112722092120275,0.1286155905544332,0.0940227979303193,0.363679023932426,2131
sortino_mom_180d_top1_weekly,"{'score_method': 'sortino_mom', 'lookback_days': 180, 'top_k': 1, 'rebalance': 'weekly', 'enable_trend_filter': False, 'sma_period': 50, 'mom_weight': 0.4, 'trend_weight': 0.3, 'vol_weight': 0.3, 'cost_bps': 3.0}",-0.4655535639250712,-0.0714110981487866,0.3336516563969643,-0.6300885266815724,-0.2889573490805059,-0.2804402114554546,-0.1133350237702005,0.3087752229000469,2131
sortino_mom_180d_top1_monthly,"{'score_method': 'sortino_mom', 'lookback_days': 180, 'top_k': 1, 'rebalance': 'monthly', 'enable_trend_filter': False, 'sma_period': 50, 'mom_weight': 0.4, 'trend_weight': 0.3, 'vol_weight': 0.3, 'cost_bps': 3.0}",0.0434293973676476,0.0050399796393008,0.2775158623978014,-0.5507673312635717,-0.0719238900012416,-0.0798214072842769,0.0091508325806798,0.332238385734397,2131
sortino_mom_180d_top2_weekly,"{'score_method': 'sortino_mom', 'lookback_days': 180, 'top_k': 2, 'rebalance': 'weekly', 'enable_trend_filter': False, 'sma_period': 50, 'mom_weight': 0.4, 'trend_weight': 0.3, 'vol_weight': 0.3, 'cost_bps': 3.0}",0.0662242340955223,0.0076117234897947,0.286373426480171,-0.5282327415682894,-0.0607188897514875,-0.0628806403109109,0.0144097911598513,0.3158141717503519,2131
sortino_mom_180d_top2_monthly,"{'score_method': 'sortino_mom', 'lookback_days': 180, 'top_k': 2, 'rebalance': 'monthly', 'enable_trend_filter': False, 'sma_period': 50, 'mom_weight': 0.4, 'trend_weight': 0.3, 'vol_weight': 0.3, 'cost_bps': 3.0}",0.2627805013343918,0.0279747804530166,0.2690540147569879,-0.6049158854212293,0.0110564432785121,0.0122256376977875,0.046245736187828,0.35053965274519,2131
sortino_mom_180d_top3_weekly,"{'score_method': 'sortino_mom', 'lookback_days': 180, 'top_k': 3, 'rebalance': 'weekly', 'enable_trend_filter': False, 'sma_period': 50, 'mom_weight': 0.4, 'trend_weight': 0.3, 'vol_weight': 0.3, 'cost_bps': 3.0}",0.8043909073358702,0.0722898859114093,0.2631523044890264,-0.3905517591553973,0.1797053839343497,0.1925499976625479,0.185096812949307,0.32707648991084,2131
sortino_mom_180d_top3_monthly,"{'score_method': 'sortino_mom', 'lookback_days': 180, 'top_k': 3, 'rebalance': 'monthly', 'enable_trend_filter': False, 'sma_period': 50, 'mom_weight': 0.4, 'trend_weight': 0.3, 'vol_weight': 0.3, 'cost_bps': 3.0}",0.3162865578902623,0.0330318419632669,0.2603363812784721,-0.6007225386643072,0.0308517846173622,0.0341064215070042,0.0549868530598376,0.349131862975129,2131
return_over_vol_60d_top1_weekly,"{'score_method': 'return_over_vol', 'lookback_days': 60, 'top_k': 1, 'rebalance': 'weekly', 'enable_trend_filter': False, 'sma_period': 50, 'mom_weight': 0.4, 'trend_weight': 0.3, 'vol_weight': 0.3, 'cost_bps': 3.0}",0.3646494334653498,0.0374491783525887,0.3118121718224094,-0.6214460017165232,0.0399252482025593,0.0401784270531682,0.0602613553698129,0.343500703894885,2131
return_over_vol_60d_top1_monthly,"{'score_method': 'return_over_vol', 'lookback_days': 60, 'top_k': 1, 'rebalance': 'monthly', 'enable_trend_filter': False, 'sma_period': 50, 'mom_weight': 0.4, 'trend_weight': 0.3, 'vol_weight': 0.3, 'cost_bps': 3.0}",0.3646731997430175,0.0374513149399506,0.2887485036511417,-0.6229253625020221,0.0431216604848419,0.0467484817699582,0.0601216729874746,0.353355232285312,2131
return_over_vol_60d_top2_weekly,"{'score_method': 'return_over_vol', 'lookback_days': 60, 'top_k': 2, 'rebalance': 'weekly', 'enable_trend_filter': False, 'sma_period': 50, 'mom_weight': 0.4, 'trend_weight': 0.3, 'vol_weight': 0.3, 'cost_bps': 3.0}",0.9098320771292768,0.0795155440067154,0.2873612819095308,-0.4737391676407525,0.1897108185363623,0.2004609960737457,0.1678466747909135,0.352416705771938,2131
return_over_vol_60d_top2_monthly,"{'score_method': 'return_over_vol', 'lookback_days': 60, 'top_k': 2, 'rebalance': 'monthly', 'enable_trend_filter': False, 'sma_period': 50, 'mom_weight': 0.4, 'trend_weight': 0.3, 'vol_weight': 0.3, 'cost_bps': 3.0}",0.8440117393232982,0.0750476370203832,0.2766014395695283,-0.5741471646372459,0.1809377315543684,0.204532262085452,0.1307114998430747,0.3716564992961051,2131
return_over_vol_60d_top3_weekly,"{'score_method': 'return_over_vol', 'lookback_days': 60, 'top_k': 3, 'rebalance': 'weekly', 'enable_trend_filter': False, 'sma_period': 50, 'mom_weight': 0.4, 'trend_weight': 0.3, 'vol_weight': 0.3, 'cost_bps': 3.0}",1.2977688916955177,0.1033823781520177,0.2602074205592165,-0.4224135665159025,0.3012303722298341,0.3250122312306547,0.2447420877239409,0.352885969028625,2131
return_over_vol_60d_top3_monthly,"{'score_method': 'return_over_vol', 'lookback_days': 60, 'top_k': 3, 'rebalance': 'monthly', 'enable_trend_filter': False, 'sma_period': 50, 'mom_weight': 0.4, 'trend_weight': 0.3, 'vol_weight': 0.3, 'cost_bps': 3.0}",0.8434297507472999,0.0750075082349266,0.2607170980591264,-0.6116835102419506,0.19180755158446,0.2164174783282884,0.1226247021196591,0.3660253402158611,2131
return_over_vol_90d_top1_weekly,"{'score_method': 'return_over_vol', 'lookback_days': 90, 'top_k': 1, 'rebalance': 'weekly', 'enable_trend_filter': False, 'sma_period': 50, 'mom_weight': 0.4, 'trend_weight': 0.3, 'vol_weight': 0.3, 'cost_bps': 3.0}",-0.0137803394972105,-0.001639571739445,0.3084817976346717,-0.6635371403151624,-0.0863570296325676,-0.0860437535662112,-0.0024709569967196,0.334115438761145,2131
return_over_vol_90d_top1_monthly,"{'score_method': 'return_over_vol', 'lookback_days': 90, 'top_k': 1, 'rebalance': 'monthly', 'enable_trend_filter': False, 'sma_period': 50, 'mom_weight': 0.4, 'trend_weight': 0.3, 'vol_weight': 0.3, 'cost_bps': 3.0}",0.2007530626172116,0.0218702256900165,0.2949666770336537,-0.6763489750743231,-0.0106106030059334,-0.0116388881191495,0.0323357120303364,0.351478179258564,2131
return_over_vol_90d_top2_weekly,"{'score_method': 'return_over_vol', 'lookback_days': 90, 'top_k': 2, 'rebalance': 'weekly', 'enable_trend_filter': False, 'sma_period': 50, 'mom_weight': 0.4, 'trend_weight': 0.3, 'vol_weight': 0.3, 'cost_bps': 3.0}",0.629728984206321,0.0594575629233802,0.2783889320151386,-0.4591167409571412,0.1237749025220099,0.1295744958016098,0.1295042363287088,0.345377756921633,2131
return_over_vol_90d_top2_monthly,"{'score_method': 'return_over_vol', 'lookback_days': 90, 'top_k': 2, 'rebalance': 'monthly', 'enable_trend_filter': False, 'sma_period': 50, 'mom_weight': 0.4, 'trend_weight': 0.3, 'vol_weight': 0.3, 'cost_bps': 3.0}",0.4316324959275415,0.0433445622839467,0.2678054518871564,-0.5847753061627022,0.0684995848840169,0.0782563373027531,0.0741217384303963,0.3664946034725481,2131
return_over_vol_90d_top3_weekly,"{'score_method': 'return_over_vol', 'lookback_days': 90, 'top_k': 3, 'rebalance': 'weekly', 'enable_trend_filter': False, 'sma_period': 50, 'mom_weight': 0.4, 'trend_weight': 0.3, 'vol_weight': 0.3, 'cost_bps': 3.0}",1.5097928487869106,0.114959041593365,0.2614243535449341,-0.4094811672423667,0.3441111754643879,0.3760779289959067,0.2807431715786875,0.353355232285312,2131
return_over_vol_90d_top3_monthly,"{'score_method': 'return_over_vol', 'lookback_days': 90, 'top_k': 3, 'rebalance': 'monthly', 'enable_trend_filter': False, 'sma_period': 50, 'mom_weight': 0.4, 'trend_weight': 0.3, 'vol_weight': 0.3, 'cost_bps': 3.0}",0.6420633549054686,0.060402619051622,0.2552783025295332,-0.575986448187774,0.1386824446136635,0.1590985250170551,0.1048681253554953,0.363209760675739,2131
return_over_vol_120d_top1_weekly,"{'score_method': 'return_over_vol', 'lookback_days': 120, 'top_k': 1, 'rebalance': 'weekly', 'enable_trend_filter': False, 'sma_period': 50, 'mom_weight': 0.4, 'trend_weight': 0.3, 'vol_weight': 0.3, 'cost_bps': 3.0}",0.2959119693556673,0.0311279085869526,0.3154053847147191,-0.6071101521148002,0.0194286746007691,0.018934784322756,0.0512722583842851,0.330830595964336,2131
return_over_vol_120d_top1_monthly,"{'score_method': 'return_over_vol', 'lookback_days': 120, 'top_k': 1, 'rebalance': 'monthly', 'enable_trend_filter': False, 'sma_period': 50, 'mom_weight': 0.4, 'trend_weight': 0.3, 'vol_weight': 0.3, 'cost_bps': 3.0}",0.3870769982908342,0.0394509708446901,0.2946595272536047,-0.646363946332606,0.0490429445108444,0.0536112835269523,0.0610352280143878,0.353355232285312,2131
return_over_vol_120d_top2_weekly,"{'score_method': 'return_over_vol', 'lookback_days': 120, 'top_k': 2, 'rebalance': 'weekly', 'enable_trend_filter': False, 'sma_period': 50, 'mom_weight': 0.4, 'trend_weight': 0.3, 'vol_weight': 0.3, 'cost_bps': 3.0}",0.5100227184228814,0.0499426401080393,0.2763791068191719,-0.4663946449060896,0.0902479221208235,0.0927638528574886,0.1070823618013357,0.336931018301267,2131
return_over_vol_120d_top2_monthly,"{'score_method': 'return_over_vol', 'lookback_days': 120, 'top_k': 2, 'rebalance': 'monthly', 'enable_trend_filter': False, 'sma_period': 50, 'mom_weight': 0.4, 'trend_weight': 0.3, 'vol_weight': 0.3, 'cost_bps': 3.0}",0.4528127866183224,0.045158111870813,0.2644858087573992,-0.6182078225663153,0.0762162324153399,0.0856170555346379,0.0730468140686928,0.3641482871891131,2131
return_over_vol_120d_top3_weekly,"{'score_method': 'return_over_vol', 'lookback_days': 120, 'top_k': 3, 'rebalance': 'weekly', 'enable_trend_filter': False, 'sma_period': 50, 'mom_weight': 0.4, 'trend_weight': 0.3, 'vol_weight': 0.3, 'cost_bps': 3.0}",1.000106176058278,0.0854275238255184,0.2569958127371322,-0.3997344476800055,0.2351303827947058,0.2512863550973725,0.213710687986302,0.347254809948381,2131
return_over_vol_120d_top3_monthly,"{'score_method': 'return_over_vol', 'lookback_days': 120, 'top_k': 3, 'rebalance': 'monthly', 'enable_trend_filter': False, 'sma_period': 50, 'mom_weight': 0.4, 'trend_weight': 0.3, 'vol_weight': 0.3, 'cost_bps': 3.0}",0.5358957666994113,0.0520541287860778,0.25263302870251,-0.5708079615657371,0.107088645237815,0.1220198284952451,0.0911937679413096,0.362740497419052,2131
return_over_vol_180d_top1_weekly,"{'score_method': 'return_over_vol', 'lookback_days': 180, 'top_k': 1, 'rebalance': 'weekly', 'enable_trend_filter': False, 'sma_period': 50, 'mom_weight': 0.4, 'trend_weight': 0.3, 'vol_weight': 0.3, 'cost_bps': 3.0}",-0.0769105880889917,-0.0094191569043368,0.3153687207122163,-0.5595664494582889,-0.1091394125156291,-0.1069745832019049,-0.0168329550734419,0.3148756452369779,2131
return_over_vol_180d_top1_monthly,"{'score_method': 'return_over_vol', 'lookback_days': 180, 'top_k': 1, 'rebalance': 'monthly', 'enable_trend_filter': False, 'sma_period': 50, 'mom_weight': 0.4, 'trend_weight': 0.3, 'vol_weight': 0.3, 'cost_bps': 3.0}",0.038238689393258,0.0044474386719692,0.3102205201904883,-0.6391054319180896,-0.0662514565942014,-0.0716675514092618,0.0069588497450594,0.337400281557954,2131
return_over_vol_180d_top2_weekly,"{'score_method': 'return_over_vol', 'lookback_days': 180, 'top_k': 2, 'rebalance': 'weekly', 'enable_trend_filter': False, 'sma_period': 50, 'mom_weight': 0.4, 'trend_weight': 0.3, 'vol_weight': 0.3, 'cost_bps': 3.0}",0.1261816537583404,0.0141517000361905,0.2786204799492217,-0.5211053981521584,-0.0389357593734189,-0.0399902247046291,0.027157078177222,0.3190990145471609,2131
return_over_vol_180d_top2_monthly,"{'score_method': 'return_over_vol', 'lookback_days': 180, 'top_k': 2, 'rebalance': 'monthly', 'enable_trend_filter': False, 'sma_period': 50, 'mom_weight': 0.4, 'trend_weight': 0.3, 'vol_weight': 0.3, 'cost_bps': 3.0}",0.2157995689199405,0.0233761657044391,0.2757390546005461,-0.604915885421229,-0.0058890253972665,-0.0065557068651946,0.0386436631403079,0.350070389488503,2131
return_over_vol_180d_top3_weekly,"{'score_method': 'return_over_vol', 'lookback_days': 180, 'top_k': 3, 'rebalance': 'weekly', 'enable_trend_filter': False, 'sma_period': 50, 'mom_weight': 0.4, 'trend_weight': 0.3, 'vol_weight': 0.3, 'cost_bps': 3.0}",0.7922507058528594,0.0714341961533371,0.2595766456227883,-0.437030082034978,0.1788843370016206,0.1921444373148907,0.163453727992161,0.3233223838573439,2131
return_over_vol_180d_top3_monthly,"{'score_method': 'return_over_vol', 'lookback_days': 180, 'top_k': 3, 'rebalance': 'monthly', 'enable_trend_filter': False, 'sma_period': 50, 'mom_weight': 0.4, 'trend_weight': 0.3, 'vol_weight': 0.3, 'cost_bps': 3.0}",0.2380538835031438,0.0255736498661627,0.2640255134580345,-0.5734051725378134,0.0021727061852827,0.0024441089418494,0.0445996148813538,0.34584702017832,2131
multi_60d_top1_weekly_w503020_trend,"{'score_method': 'multi_factor', 'lookback_days': 60, 'top_k': 1, 'rebalance': 'weekly', 'enable_trend_filter': True, 'sma_period': 50, 'mom_weight': 0.5, 'trend_weight': 0.3, 'vol_weight': 0.2, 'cost_bps': 3.0}",0.0359365273514233,0.0041838007208112,0.3097915751196931,-0.6423953859043477,-0.0671942071734715,-0.0673423860804706,0.006512812533548,0.342562177381511,2131
multi_60d_top1_monthly_w503020_trend,"{'score_method': 'multi_factor', 'lookback_days': 60, 'top_k': 1, 'rebalance': 'monthly', 'enable_trend_filter': True, 'sma_period': 50, 'mom_weight': 0.5, 'trend_weight': 0.3, 'vol_weight': 0.2, 'cost_bps': 3.0}",0.3216069335081,0.0335247319653679,0.2839265016272738,-0.6118501254850718,0.0300244320854517,0.0326627493781174,0.0547923920727968,0.3542937587986861,2131
multi_60d_top2_weekly_w503020_trend,"{'score_method': 'multi_factor', 'lookback_days': 60, 'top_k': 2, 'rebalance': 'weekly', 'enable_trend_filter': True, 'sma_period': 50, 'mom_weight': 0.5, 'trend_weight': 0.3, 'vol_weight': 0.2, 'cost_bps': 3.0}",0.2780228951538424,0.0294343507215559,0.2916507083540845,-0.6037073355405305,0.0152043200806231,0.0156312476704452,0.0487559931588405,0.3538244955419991,2131
multi_60d_top2_monthly_w503020_trend,"{'score_method': 'multi_factor', 'lookback_days': 60, 'top_k': 2, 'rebalance': 'monthly', 'enable_trend_filter': True, 'sma_period': 50, 'mom_weight': 0.5, 'trend_weight': 0.3, 'vol_weight': 0.2, 'cost_bps': 3.0}",0.5790981258241767,0.0555109411395251,0.2743910012608392,-0.5608421513816159,0.1111951230154268,0.1252712491740659,0.0989778336075058,0.3599249178789301,2131
multi_90d_top1_weekly_w503020_trend,"{'score_method': 'multi_factor', 'lookback_days': 90, 'top_k': 1, 'rebalance': 'weekly', 'enable_trend_filter': True, 'sma_period': 50, 'mom_weight': 0.5, 'trend_weight': 0.3, 'vol_weight': 0.2, 'cost_bps': 3.0}",0.0451024808398456,0.0052304152487172,0.3083108851576565,-0.670331724853712,-0.0641222405792564,-0.063232180884636,0.0078027267020051,0.342562177381511,2131
multi_90d_top1_monthly_w503020_trend,"{'score_method': 'multi_factor', 'lookback_days': 90, 'top_k': 1, 'rebalance': 'monthly', 'enable_trend_filter': True, 'sma_period': 50, 'mom_weight': 0.5, 'trend_weight': 0.3, 'vol_weight': 0.2, 'cost_bps': 3.0}",0.3089705997677336,0.0323512008692561,0.2821069870998663,-0.5499553051848951,0.0260582020489049,0.0287740100855239,0.0588251455422903,0.353355232285312,2131
multi_90d_top2_weekly_w503020_trend,"{'score_method': 'multi_factor', 'lookback_days': 90, 'top_k': 2, 'rebalance': 'weekly', 'enable_trend_filter': True, 'sma_period': 50, 'mom_weight': 0.5, 'trend_weight': 0.3, 'vol_weight': 0.2, 'cost_bps': 3.0}",0.4519462000116556,0.0450843697468252,0.2887551118832049,-0.5998398135737136,0.0695550274966178,0.0714447068487158,0.0751606824465727,0.34584702017832,2131
multi_90d_top2_monthly_w503020_trend,"{'score_method': 'multi_factor', 'lookback_days': 90, 'top_k': 2, 'rebalance': 'monthly', 'enable_trend_filter': True, 'sma_period': 50, 'mom_weight': 0.5, 'trend_weight': 0.3, 'vol_weight': 0.2, 'cost_bps': 3.0}",0.4281348083285041,0.0430428016599875,0.2715682298429259,-0.5587589756727326,0.066439294723184,0.074448239995585,0.0770328594868029,0.362271234162365,2131
multi_120d_top1_weekly_w503020_trend,"{'score_method': 'multi_factor', 'lookback_days': 120, 'top_k': 1, 'rebalance': 'weekly', 'enable_trend_filter': True, 'sma_period': 50, 'mom_weight': 0.5, 'trend_weight': 0.3, 'vol_weight': 0.2, 'cost_bps': 3.0}",0.1759854231081912,0.0193547120453885,0.3174374792106696,-0.6305538497165328,-0.0177839364420637,-0.0171116456933859,0.0306947805553633,0.337869544814641,2131
multi_120d_top1_monthly_w503020_trend,"{'score_method': 'multi_factor', 'lookback_days': 120, 'top_k': 1, 'rebalance': 'monthly', 'enable_trend_filter': True, 'sma_period': 50, 'mom_weight': 0.5, 'trend_weight': 0.3, 'vol_weight': 0.2, 'cost_bps': 3.0}",0.2956839437286203,0.0311064514643328,0.288678255927204,-0.6045522871756303,0.0211531396596519,0.022876841521765,0.0514536990830969,0.3542937587986861,2131
multi_120d_top2_weekly_w503020_trend,"{'score_method': 'multi_factor', 'lookback_days': 120, 'top_k': 2, 'rebalance': 'weekly', 'enable_trend_filter': True, 'sma_period': 50, 'mom_weight': 0.5, 'trend_weight': 0.3, 'vol_weight': 0.2, 'cost_bps': 3.0}",0.2271887729332466,0.0245051735504959,0.2851885045076223,-0.5984813987770571,-0.0017350855370497,-0.0017417231583861,0.0409455892874366,0.339277334584702,2131
multi_120d_top2_monthly_w503020_trend,"{'score_method': 'multi_factor', 'lookback_days': 120, 'top_k': 2, 'rebalance': 'monthly', 'enable_trend_filter': True, 'sma_period': 50, 'mom_weight': 0.5, 'trend_weight': 0.3, 'vol_weight': 0.2, 'cost_bps': 3.0}",0.4774810671430378,0.0472411608032397,0.2728627092928946,-0.5594817331902616,0.0815104447979578,0.0919957616634202,0.0844373605083805,0.3580478648521821,2131
multi_60d_top1_weekly_w404020_trend,"{'score_method': 'multi_factor', 'lookback_days': 60, 'top_k': 1, 'rebalance': 'weekly', 'enable_trend_filter': True, 'sma_period': 50, 'mom_weight': 0.4, 'trend_weight': 0.4, 'vol_weight': 0.2, 'cost_bps': 3.0}",0.3393145992042912,0.0351526983577341,0.3161507474610182,-0.6402749059697774,0.0321134725736683,0.032338828949467,0.0549025083288106,0.347254809948381,2131
multi_60d_top1_monthly_w404020_trend,"{'score_method': 'multi_factor', 'lookback_days': 60, 'top_k': 1, 'rebalance': 'monthly', 'enable_trend_filter': True, 'sma_period': 50, 'mom_weight': 0.4, 'trend_weight': 0.4, 'vol_weight': 0.2, 'cost_bps': 3.0}",0.5299893142436953,0.0515748837612879,0.2799271385182664,-0.5900722024792782,0.0949350030938633,0.1059511660047793,0.0874043609317439,0.3547630220553731,2131
multi_60d_top2_weekly_w404020_trend,"{'score_method': 'multi_factor', 'lookback_days': 60, 'top_k': 2, 'rebalance': 'weekly', 'enable_trend_filter': True, 'sma_period': 50, 'mom_weight': 0.4, 'trend_weight': 0.4, 'vol_weight': 0.2, 'cost_bps': 3.0}",0.3290996311482612,0.0342159114669271,0.2943915815917314,-0.6037073355405305,0.0313049422714402,0.0321817365523545,0.0566763222055134,0.353355232285312,2131
multi_60d_top2_monthly_w404020_trend,"{'score_method': 'multi_factor', 'lookback_days': 60, 'top_k': 2, 'rebalance': 'monthly', 'enable_trend_filter': True, 'sma_period': 50, 'mom_weight': 0.4, 'trend_weight': 0.4, 'vol_weight': 0.2, 'cost_bps': 3.0}",0.5932675462684873,0.056626547467707,0.2743744965872462,-0.5569015399042604,0.1152678104601107,0.1297945465350446,0.1016814345269039,0.3599249178789301,2131
multi_90d_top1_weekly_w404020_trend,"{'score_method': 'multi_factor', 'lookback_days': 90, 'top_k': 1, 'rebalance': 'weekly', 'enable_trend_filter': True, 'sma_period': 50, 'mom_weight': 0.4, 'trend_weight': 0.4, 'vol_weight': 0.2, 'cost_bps': 3.0}",0.213600808993007,0.0231571300870456,0.3159856843806838,-0.626558879493286,-0.0058321310238033,-0.005749270064288,0.0369592241766223,0.341623650868137,2131
multi_90d_top1_monthly_w404020_trend,"{'score_method': 'multi_factor', 'lookback_days': 90, 'top_k': 1, 'rebalance': 'monthly', 'enable_trend_filter': True, 'sma_period': 50, 'mom_weight': 0.4, 'trend_weight': 0.4, 'vol_weight': 0.2, 'cost_bps': 3.0}",0.3613452999724094,0.0371518170465603,0.2753784760329251,-0.5367978528034969,0.0441276937167283,0.0498639026734675,0.0692100701456425,0.352416705771938,2131
multi_90d_top2_weekly_w404020_trend,"{'score_method': 'multi_factor', 'lookback_days': 90, 'top_k': 2, 'rebalance': 'weekly', 'enable_trend_filter': True, 'sma_period': 50, 'mom_weight': 0.4, 'trend_weight': 0.4, 'vol_weight': 0.2, 'cost_bps': 3.0}",0.3540511065401006,0.0364931035674109,0.2878726775643608,-0.6118586781927341,0.0399242597965603,0.0409385483827682,0.0596430268427372,0.343969967151572,2131
multi_90d_top2_monthly_w404020_trend,"{'score_method': 'multi_factor', 'lookback_days': 90, 'top_k': 2, 'rebalance': 'monthly', 'enable_trend_filter': True, 'sma_period': 50, 'mom_weight': 0.4, 'trend_weight': 0.4, 'vol_weight': 0.2, 'cost_bps': 3.0}",0.4185152687239992,0.0422095090425889,0.2713316309180923,-0.5587589756727326,0.0634261069539068,0.0709907753607034,0.0755415320027202,0.362271234162365,2131
multi_120d_top1_weekly_w404020_trend,"{'score_method': 'multi_factor', 'lookback_days': 120, 'top_k': 1, 'rebalance': 'weekly', 'enable_trend_filter': True, 'sma_period': 50, 'mom_weight': 0.4, 'trend_weight': 0.4, 'vol_weight': 0.2, 'cost_bps': 3.0}",0.2920724305749207,0.0307661647340531,0.3236767794596772,-0.620695676230531,0.0178145764539512,0.0172617900693643,0.0495672290177616,0.336931018301267,2131
multi_120d_top1_monthly_w404020_trend,"{'score_method': 'multi_factor', 'lookback_days': 120, 'top_k': 1, 'rebalance': 'monthly', 'enable_trend_filter': True, 'sma_period': 50, 'mom_weight': 0.4, 'trend_weight': 0.4, 'vol_weight': 0.2, 'cost_bps': 3.0}",0.329952606627621,0.0342943780007773,0.2802078362888133,-0.592991025570365,0.0331695862752302,0.0368213452828263,0.0578328786136207,0.351478179258564,2131
multi_120d_top2_weekly_w404020_trend,"{'score_method': 'multi_factor', 'lookback_days': 120, 'top_k': 2, 'rebalance': 'weekly', 'enable_trend_filter': True, 'sma_period': 50, 'mom_weight': 0.4, 'trend_weight': 0.4, 'vol_weight': 0.2, 'cost_bps': 3.0}",0.62735800515476,0.0592751768374146,0.2894496960847365,-0.5651007646040588,0.1184149691674943,0.1203822390084227,0.1048931103091785,0.341623650868137,2131
multi_120d_top2_monthly_w404020_trend,"{'score_method': 'multi_factor', 'lookback_days': 120, 'top_k': 2, 'rebalance': 'monthly', 'enable_trend_filter': True, 'sma_period': 50, 'mom_weight': 0.4, 'trend_weight': 0.4, 'vol_weight': 0.2, 'cost_bps': 3.0}",0.4668177964220392,0.0463445205195955,0.2729826495486488,-0.5594817331902616,0.0781900261972207,0.0881933632332458,0.0828347339516003,0.3585171281088691,2131
multi_60d_top1_weekly_w403030_trend,"{'score_method': 'multi_factor', 'lookback_days': 60, 'top_k': 1, 'rebalance': 'weekly', 'enable_trend_filter': True, 'sma_period': 50, 'mom_weight': 0.4, 'trend_weight': 0.3, 'vol_weight': 0.3, 'cost_bps': 3.0}",0.1215223052885008,0.0136546154947125,0.3094549151209849,-0.633987699983021,-0.0366624795759078,-0.0363141726452111,0.0215376662592638,0.346785546691694,2131
multi_60d_top1_monthly_w403030_trend,"{'score_method': 'multi_factor', 'lookback_days': 60, 'top_k': 1, 'rebalance': 'monthly', 'enable_trend_filter': True, 'sma_period': 50, 'mom_weight': 0.4, 'trend_weight': 0.3, 'vol_weight': 0.3, 'cost_bps': 3.0}",0.3093933293178772,0.0323906207628239,0.2836963267117784,-0.6118501254850718,0.0260511683337107,0.0283132776358764,0.0529388152648409,0.3538244955419991,2131
multi_60d_top2_weekly_w403030_trend,"{'score_method': 'multi_factor', 'lookback_days': 60, 'top_k': 2, 'rebalance': 'weekly', 'enable_trend_filter': True, 'sma_period': 50, 'mom_weight': 0.4, 'trend_weight': 0.3, 'vol_weight': 0.3, 'cost_bps': 3.0}",0.6861548443679977,0.0637304928807309,0.2901846658541364,-0.613074167543054,0.1334684338565261,0.1383972594212226,0.1039523376692517,0.3542937587986861,2131
multi_60d_top2_monthly_w403030_trend,"{'score_method': 'multi_factor', 'lookback_days': 60, 'top_k': 2, 'rebalance': 'monthly', 'enable_trend_filter': True, 'sma_period': 50, 'mom_weight': 0.4, 'trend_weight': 0.3, 'vol_weight': 0.3, 'cost_bps': 3.0}",0.4729301042919149,0.0468591851644306,0.2693075393289367,-0.5623245096024334,0.0811681144126139,0.0907959723147592,0.0833312159869403,0.361332707648991,2131
multi_90d_top1_weekly_w403030_trend,"{'score_method': 'multi_factor', 'lookback_days': 90, 'top_k': 1, 'rebalance': 'weekly', 'enable_trend_filter': True, 'sma_period': 50, 'mom_weight': 0.4, 'trend_weight': 0.3, 'vol_weight': 0.3, 'cost_bps': 3.0}",0.0525958438556162,0.0060800490206442,0.3084570463038718,-0.6690611922007522,-0.0613373926971893,-0.0599074741997484,0.0090874333940145,0.343969967151572,2131
multi_90d_top1_monthly_w403030_trend,"{'score_method': 'multi_factor', 'lookback_days': 90, 'top_k': 1, 'rebalance': 'monthly', 'enable_trend_filter': True, 'sma_period': 50, 'mom_weight': 0.4, 'trend_weight': 0.3, 'vol_weight': 0.3, 'cost_bps': 3.0}",0.1750230663960024,0.019256031098995,0.2748437036503806,-0.5533869405348174,-0.0208990376156173,-0.0227699678892265,0.0347966850832895,0.3542937587986861,2131
multi_90d_top2_weekly_w403030_trend,"{'score_method': 'multi_factor', 'lookback_days': 90, 'top_k': 2, 'rebalance': 'weekly', 'enable_trend_filter': True, 'sma_period': 50, 'mom_weight': 0.4, 'trend_weight': 0.3, 'vol_weight': 0.3, 'cost_bps': 3.0}",0.6056308023237338,0.0575928245857138,0.2871356756222731,-0.6149459968284281,0.1135101882240145,0.1171623064830406,0.0936550931020734,0.346316283435007,2131
multi_90d_top2_monthly_w403030_trend,"{'score_method': 'multi_factor', 'lookback_days': 90, 'top_k': 2, 'rebalance': 'monthly', 'enable_trend_filter': True, 'sma_period': 50, 'mom_weight': 0.4, 'trend_weight': 0.3, 'vol_weight': 0.3, 'cost_bps': 3.0}",0.4167608087812275,0.042056991957081,0.2703691512467294,-0.5587589756727326,0.0630877889671495,0.0706746273301907,0.0752685751605965,0.361801970905678,2131
multi_120d_top1_weekly_w403030_trend,"{'score_method': 'multi_factor', 'lookback_days': 120, 'top_k': 1, 'rebalance': 'weekly', 'enable_trend_filter': True, 'sma_period': 50, 'mom_weight': 0.4, 'trend_weight': 0.3, 'vol_weight': 0.3, 'cost_bps': 3.0}",0.1886137907738443,0.020643081847248,0.316258684017617,-0.5921990250135301,-0.0137764380013332,-0.0131436207103176,0.0348583516272699,0.340685124354763,2131
multi_120d_top1_monthly_w403030_trend,"{'score_method': 'multi_factor', 'lookback_days': 120, 'top_k': 1, 'rebalance': 'monthly', 'enable_trend_filter': True, 'sma_period': 50, 'mom_weight': 0.4, 'trend_weight': 0.3, 'vol_weight': 0.3, 'cost_bps': 3.0}",0.4124716996125857,0.0416834327052064,0.2847147521264382,-0.6075676151330713,0.0585970083411679,0.063325285985963,0.0686070680315586,0.3538244955419991,2131
multi_120d_top2_weekly_w403030_trend,"{'score_method': 'multi_factor', 'lookback_days': 120, 'top_k': 2, 'rebalance': 'weekly', 'enable_trend_filter': True, 'sma_period': 50, 'mom_weight': 0.4, 'trend_weight': 0.3, 'vol_weight': 0.3, 'cost_bps': 3.0}",0.4374682564872387,0.0438465944833079,0.2803817727893856,-0.5607379405216463,0.0672176165226866,0.0675397269030459,0.078194449340307,0.340215861098076,2131
multi_120d_top2_monthly_w403030_trend,"{'score_method': 'multi_factor', 'lookback_days': 120, 'top_k': 2, 'rebalance': 'monthly', 'enable_trend_filter': True, 'sma_period': 50, 'mom_weight': 0.4, 'trend_weight': 0.3, 'vol_weight': 0.3, 'cost_bps': 3.0}",0.4714656350544324,0.0467360466472281,0.2719728221467501,-0.5594817331902621,0.0799199216879836,0.0901069158955551,0.0835345354007022,0.3589863913655561,2131
multi_60d_top1_weekly_w602020_trend,"{'score_method': 'multi_factor', 'lookback_days': 60, 'top_k': 1, 'rebalance': 'weekly', 'enable_trend_filter': True, 'sma_period': 50, 'mom_weight': 0.6, 'trend_weight': 0.2, 'vol_weight': 0.2, 'cost_bps': 3.0}",0.1270789892789798,0.0142472243471389,0.3095450152708898,-0.632444315048229,-0.0347373568379094,-0.0346562487186212,0.0225272391705387,0.343969967151572,2131
multi_60d_top1_monthly_w602020_trend,"{'score_method': 'multi_factor', 'lookback_days': 60, 'top_k': 1, 'rebalance': 'monthly', 'enable_trend_filter': True, 'sma_period': 50, 'mom_weight': 0.6, 'trend_weight': 0.2, 'vol_weight': 0.2, 'cost_bps': 3.0}",0.2823557513111532,0.0298464512254426,0.2836370162205266,-0.611850125485072,0.0170868079562454,0.0185896926972697,0.0487806571940807,0.3542937587986861,2131
multi_60d_top2_weekly_w602020_trend,"{'score_method': 'multi_factor', 'lookback_days': 60, 'top_k': 2, 'rebalance': 'weekly', 'enable_trend_filter': True, 'sma_period': 50, 'mom_weight': 0.6, 'trend_weight': 0.2, 'vol_weight': 0.2, 'cost_bps': 3.0}",0.3797010339568094,0.0387957922388835,0.2910319392807357,-0.6086894133074355,0.0474030179401574,0.0489285118939971,0.0637365976649385,0.3542937587986861,2131
multi_60d_top2_monthly_w602020_trend,"{'score_method': 'multi_factor', 'lookback_days': 60, 'top_k': 2, 'rebalance': 'monthly', 'enable_trend_filter': True, 'sma_period': 50, 'mom_weight': 0.6, 'trend_weight': 0.2, 'vol_weight': 0.2, 'cost_bps': 3.0}",0.5919308687645697,0.0565216808583357,0.2744525626631947,-0.5608421513816156,0.1148529296008754,0.1292914257746799,0.1007800157657489,0.3603941811356171,2131
multi_90d_top1_weekly_w602020_trend,"{'score_method': 'multi_factor', 'lookback_days': 90, 'top_k': 1, 'rebalance': 'weekly', 'enable_trend_filter': True, 'sma_period': 50, 'mom_weight': 0.6, 'trend_weight': 0.2, 'vol_weight': 0.2, 'cost_bps': 3.0}",0.0201721478678265,0.002364494039267,0.3065159747803748,-0.6689517803429768,-0.0738477202597735,-0.0729608961023332,0.0035346255272013,0.339746597841389,2131
multi_90d_top1_monthly_w602020_trend,"{'score_method': 'multi_factor', 'lookback_days': 90, 'top_k': 1, 'rebalance': 'monthly', 'enable_trend_filter': True, 'sma_period': 50, 'mom_weight': 0.6, 'trend_weight': 0.2, 'vol_weight': 0.2, 'cost_bps': 3.0}",0.2680847166562827,0.0284844514854116,0.2810643849698013,-0.5527111201692558,0.0123973426437008,0.0136692630976391,0.0515358755161085,0.353355232285312,2131
multi_90d_top2_weekly_w602020_trend,"{'score_method': 'multi_factor', 'lookback_days': 90, 'top_k': 2, 'rebalance': 'weekly', 'enable_trend_filter': True, 'sma_period': 50, 'mom_weight': 0.6, 'trend_weight': 0.2, 'vol_weight': 0.2, 'cost_bps': 3.0}",0.2427601172033755,0.0260338970903681,0.285204362348315,-0.6019462275604979,0.0036251096647165,0.0036887510371232,0.0432495394079891,0.346316283435007,2131
multi_90d_top2_monthly_w602020_trend,"{'score_method': 'multi_factor', 'lookback_days': 90, 'top_k': 2, 'rebalance': 'monthly', 'enable_trend_filter': True, 'sma_period': 50, 'mom_weight': 0.6, 'trend_weight': 0.2, 'vol_weight': 0.2, 'cost_bps': 3.0}",0.4119699983110754,0.0416396717957516,0.2717790069767606,-0.5637533062419126,0.0612250077033157,0.0686606235510437,0.0738615123578249,0.361332707648991,2131
multi_120d_top1_weekly_w602020_trend,"{'score_method': 'multi_factor', 'lookback_days': 120, 'top_k': 1, 'rebalance': 'weekly', 'enable_trend_filter': True, 'sma_period': 50, 'mom_weight': 0.6, 'trend_weight': 0.2, 'vol_weight': 0.2, 'cost_bps': 3.0}",0.1568896959759973,0.0173831679048095,0.3158227043722642,-0.6352669236712063,-0.024117430411882,-0.0232234537475477,0.0273635652307415,0.335992491787893,2131
multi_120d_top1_monthly_w602020_trend,"{'score_method': 'multi_factor', 'lookback_days': 120, 'top_k': 1, 'rebalance': 'monthly', 'enable_trend_filter': True, 'sma_period': 50, 'mom_weight': 0.6, 'trend_weight': 0.2, 'vol_weight': 0.2, 'cost_bps': 3.0}",0.2807511027331102,0.0296939755058005,0.2885272624292912,-0.606973781629598,0.0162687416997584,0.0176337982474216,0.0489213478481367,0.351478179258564,2131
multi_120d_top2_weekly_w602020_trend,"{'score_method': 'multi_factor', 'lookback_days': 120, 'top_k': 2, 'rebalance': 'weekly', 'enable_trend_filter': True, 'sma_period': 50, 'mom_weight': 0.6, 'trend_weight': 0.2, 'vol_weight': 0.2, 'cost_bps': 3.0}",0.2432655133249939,0.0260832310012801,0.2839150948976147,-0.5989365058861665,0.0038153343050351,0.003825296791436,0.0435492422734999,0.340215861098076,2131
multi_120d_top2_monthly_w602020_trend,"{'score_method': 'multi_factor', 'lookback_days': 120, 'top_k': 2, 'rebalance': 'monthly', 'enable_trend_filter': True, 'sma_period': 50, 'mom_weight': 0.6, 'trend_weight': 0.2, 'vol_weight': 0.2, 'cost_bps': 3.0}",0.4849570723400394,0.047866397741999,0.2731165553787373,-0.560689423636733,0.083723953351307,0.0944510695570749,0.0853706093322199,0.3575786015954951,2131
multi_60d_top1_weekly_w333334_trend,"{'score_method': 'multi_factor', 'lookback_days': 60, 'top_k': 1, 'rebalance': 'weekly', 'enable_trend_filter': True, 'sma_period': 50, 'mom_weight': 0.33, 'trend_weight': 0.33, 'vol_weight': 0.34, 'cost_bps': 3.0}",0.1949899256889764,0.0212890079729692,0.3090063009413838,-0.6295404285853073,-0.0120094380461667,-0.0119382417259067,0.0338167447336298,0.345377756921633,2131
multi_60d_top1_monthly_w333334_trend,"{'score_method': 'multi_factor', 'lookback_days': 60, 'top_k': 1, 'rebalance': 'monthly', 'enable_trend_filter': True, 'sma_period': 50, 'mom_weight': 0.33, 'trend_weight': 0.33, 'vol_weight': 0.34, 'cost_bps': 3.0}",0.6211448697933377,0.0587961214281695,0.2961678661140583,-0.6118501254850718,0.1141113716069191,0.1253861452157996,0.0960956269830888,0.351947442515251,2131
multi_60d_top2_weekly_w333334_trend,"{'score_method': 'multi_factor', 'lookback_days': 60, 'top_k': 2, 'rebalance': 'weekly', 'enable_trend_filter': True, 'sma_period': 50, 'mom_weight': 0.33, 'trend_weight': 0.33, 'vol_weight': 0.34, 'cost_bps': 3.0}",0.7137541735677668,0.0657747543510265,0.2845362019012141,-0.6034967397976916,0.1433025185497583,0.1483833703979067,0.1089894112320739,0.3547630220553731,2131
multi_60d_top2_monthly_w333334_trend,"{'score_method': 'multi_factor', 'lookback_days': 60, 'top_k': 2, 'rebalance': 'monthly', 'enable_trend_filter': True, 'sma_period': 50, 'mom_weight': 0.33, 'trend_weight': 0.33, 'vol_weight': 0.34, 'cost_bps': 3.0}",0.4808167256435744,0.0475204740777102,0.2690664627349257,-0.5623245096024336,0.0836985548061281,0.0936640686687188,0.0845072076109708,0.361801970905678,2131
multi_90d_top1_weekly_w333334_trend,"{'score_method': 'multi_factor', 'lookback_days': 90, 'top_k': 1, 'rebalance': 'weekly', 'enable_trend_filter': True, 'sma_period': 50, 'mom_weight': 0.33, 'trend_weight': 0.33, 'vol_weight': 0.34, 'cost_bps': 3.0}",0.0021509501661878,0.0002541183110029,0.3064633291022595,-0.6871620610579803,-0.0807466321059898,-0.0788761883279929,0.000369808412606,0.343500703894885,2131
multi_90d_top1_monthly_w333334_trend,"{'score_method': 'multi_factor', 'lookback_days': 90, 'top_k': 1, 'rebalance': 'monthly', 'enable_trend_filter': True, 'sma_period': 50, 'mom_weight': 0.33, 'trend_weight': 0.33, 'vol_weight': 0.34, 'cost_bps': 3.0}",0.5149305690692823,0.0503456066926055,0.2870520855813812,-0.5533869405348174,0.0882961941951121,0.0970172698900511,0.0909772222740734,0.351478179258564,2131
multi_90d_top2_weekly_w333334_trend,"{'score_method': 'multi_factor', 'lookback_days': 90, 'top_k': 2, 'rebalance': 'weekly', 'enable_trend_filter': True, 'sma_period': 50, 'mom_weight': 0.33, 'trend_weight': 0.33, 'vol_weight': 0.34, 'cost_bps': 3.0}",0.5975212421298026,0.0569597480152088,0.28070311248984,-0.5961732856851717,0.1138560514407037,0.1180477235831856,0.0955422683016499,0.346785546691694,2131
multi_90d_top2_monthly_w333334_trend,"{'score_method': 'multi_factor', 'lookback_days': 90, 'top_k': 2, 'rebalance': 'monthly', 'enable_trend_filter': True, 'sma_period': 50, 'mom_weight': 0.33, 'trend_weight': 0.33, 'vol_weight': 0.34, 'cost_bps': 3.0}",0.442025150727783,0.0442373618298186,0.2688122523300194,-0.5587589756727326,0.0715643043167579,0.0800501427576248,0.0791707404369798,0.362271234162365,2131
multi_120d_top1_weekly_w333334_trend,"{'score_method': 'multi_factor', 'lookback_days': 120, 'top_k': 1, 'rebalance': 'weekly', 'enable_trend_filter': True, 'sma_period': 50, 'mom_weight': 0.33, 'trend_weight': 0.33, 'vol_weight': 0.34, 'cost_bps': 3.0}",0.5871190334563465,0.0561435331184885,0.3122693640023058,-0.5762438123709199,0.0997329123783611,0.0963656221796154,0.0974301708984767,0.340685124354763,2131
multi_120d_top1_monthly_w333334_trend,"{'score_method': 'multi_factor', 'lookback_days': 120, 'top_k': 1, 'rebalance': 'monthly', 'enable_trend_filter': True, 'sma_period': 50, 'mom_weight': 0.33, 'trend_weight': 0.33, 'vol_weight': 0.34, 'cost_bps': 3.0}",0.7114036442618512,0.0656017876814494,0.2960455692090388,-0.6075676151330713,0.1371470878281591,0.1496212260068136,0.1079744641542178,0.351008916001877,2131
multi_120d_top2_weekly_w333334_trend,"{'score_method': 'multi_factor', 'lookback_days': 120, 'top_k': 2, 'rebalance': 'weekly', 'enable_trend_filter': True, 'sma_period': 50, 'mom_weight': 0.33, 'trend_weight': 0.33, 'vol_weight': 0.34, 'cost_bps': 3.0}",0.4723468511790265,0.0468101558166469,0.2763203666266748,-0.5712193354446603,0.0789306849976561,0.0798895037271585,0.081947778921398,0.338808071328015,2131
multi_120d_top2_monthly_w333334_trend,"{'score_method': 'multi_factor', 'lookback_days': 120, 'top_k': 2, 'rebalance': 'monthly', 'enable_trend_filter': True, 'sma_period': 50, 'mom_weight': 0.33, 'trend_weight': 0.33, 'vol_weight': 0.34, 'cost_bps': 3.0}",0.3570405002549937,0.0367634428983378,0.2701371607591173,-0.5600509440037436,0.0435461854462422,0.0488107377798774,0.0656430335346281,0.3580478648521821,2131
sharpe_mom_90d_top2_weekly_trend,"{'score_method': 'sharpe_mom', 'lookback_days': 90, 'top_k': 2, 'rebalance': 'weekly', 'enable_trend_filter': True, 'sma_period': 50, 'mom_weight': 0.4, 'trend_weight': 0.3, 'vol_weight': 0.3, 'cost_bps': 3.0}",0.2241057752022408,0.0242004720542379,0.2864611763701222,-0.6019462275604985,-0.0027910516737145,-0.0028538617247676,0.0402037108070515,0.344439230408259,2131
sharpe_mom_90d_top2_weekly_trend,"{'score_method': 'sharpe_mom', 'lookback_days': 90, 'top_k': 2, 'rebalance': 'weekly', 'enable_trend_filter': True, 'sma_period': 100, 'mom_weight': 0.4, 'trend_weight': 0.3, 'vol_weight': 0.3, 'cost_bps': 3.0}",0.0347342870898004,0.0040459177175136,0.2878321778504132,-0.6382430171097377,-0.0727996516545702,-0.0781564983569374,0.0063391492097092,0.351008916001877,2131
sharpe_mom_90d_top2_weekly_trend,"{'score_method': 'sharpe_mom', 'lookback_days': 90, 'top_k': 2, 'rebalance': 'weekly', 'enable_trend_filter': True, 'sma_period': 200, 'mom_weight': 0.4, 'trend_weight': 0.3, 'vol_weight': 0.3, 'cost_bps': 3.0}",0.1466051894052036,0.0163094221732431,0.2814417187456213,-0.5936152747724505,-0.0308787832361546,-0.0323786631947775,0.0274747346747352,0.332238385734397,2131
sharpe_mom_120d_top2_weekly_trend,"{'score_method': 'sharpe_mom', 'lookback_days': 120, 'top_k': 2, 'rebalance': 'weekly', 'enable_trend_filter': True, 'sma_period': 50, 'mom_weight': 0.4, 'trend_weight': 0.3, 'vol_weight': 0.3, 'cost_bps': 3.0}",0.2859908591184383,0.0301912424516299,0.2855618138465119,-0.5936268741841347,0.0181790498586068,0.0182894553965898,0.0508589549506565,0.339746597841389,2131
sharpe_mom_120d_top2_weekly_trend,"{'score_method': 'sharpe_mom', 'lookback_days': 120, 'top_k': 2, 'rebalance': 'weekly', 'enable_trend_filter': True, 'sma_period': 100, 'mom_weight': 0.4, 'trend_weight': 0.3, 'vol_weight': 0.3, 'cost_bps': 3.0}",0.1313487711819567,0.0147008399875314,0.2873512968818468,-0.6237959193716678,-0.0358417036019271,-0.0379953405637925,0.0235667459997802,0.348193336461755,2131
sharpe_mom_120d_top2_weekly_trend,"{'score_method': 'sharpe_mom', 'lookback_days': 120, 'top_k': 2, 'rebalance': 'weekly', 'enable_trend_filter': True, 'sma_period': 200, 'mom_weight': 0.4, 'trend_weight': 0.3, 'vol_weight': 0.3, 'cost_bps': 3.0}",0.2086432582768367,0.0226619830488492,0.2793578260879362,-0.5745299777006537,-0.0083692552447583,-0.0086696943383503,0.0394443874618093,0.334115438761145,2131
raw_mom_90d_top2_weekly_trend,"{'score_method': 'raw_mom', 'lookback_days': 90, 'top_k': 2, 'rebalance': 'weekly', 'enable_trend_filter': True, 'sma_period': 50, 'mom_weight': 0.4, 'trend_weight': 0.3, 'vol_weight': 0.3, 'cost_bps': 3.0}",0.4783979427912652,0.0473179912784167,0.3005720799367298,-0.6033549881622196,0.074251711213878,0.077674502232929,0.0784247950324307,0.34584702017832,2131
raw_mom_90d_top2_weekly_trend,"{'score_method': 'raw_mom', 'lookback_days': 90, 'top_k': 2, 'rebalance': 'weekly', 'enable_trend_filter': True, 'sma_period': 100, 'mom_weight': 0.4, 'trend_weight': 0.3, 'vol_weight': 0.3, 'cost_bps': 3.0}",0.1243721683903176,0.0139588700882902,0.2993016608842903,-0.6351952860426916,-0.0368896379628787,-0.0401583121810426,0.021975714233106,0.351008916001877,2131
raw_mom_90d_top2_weekly_trend,"{'score_method': 'raw_mom', 'lookback_days': 90, 'top_k': 2, 'rebalance': 'weekly', 'enable_trend_filter': True, 'sma_period': 200, 'mom_weight': 0.4, 'trend_weight': 0.3, 'vol_weight': 0.3, 'cost_bps': 3.0}",0.2633775052930522,0.0280322394964529,0.292828062983734,-0.5872103960475964,0.0103550167479043,0.0110198406715219,0.0477379823060571,0.33176912247771,2131
sortino_mom_90d_top2_weekly_trend,"{'score_method': 'sortino_mom', 'lookback_days': 90, 'top_k': 2, 'rebalance': 'weekly', 'enable_trend_filter': True, 'sma_period': 50, 'mom_weight': 0.4, 'trend_weight': 0.3, 'vol_weight': 0.3, 'cost_bps': 3.0}",0.4093043035768828,0.0414069262893519,0.2923077232501959,-0.6387654759848022,0.0561289524167266,0.0570679853091914,0.0648233629494671,0.347724073205068,2131
sortino_mom_90d_top2_weekly_trend,"{'score_method': 'sortino_mom', 'lookback_days': 90, 'top_k': 2, 'rebalance': 'weekly', 'enable_trend_filter': True, 'sma_period': 100, 'mom_weight': 0.4, 'trend_weight': 0.3, 'vol_weight': 0.3, 'cost_bps': 3.0}",0.0269900341771189,0.00315434095062,0.2906500473591625,-0.6627873022713636,-0.0751613813514531,-0.079342977522465,0.0047592054642721,0.3542937587986861,2131
sortino_mom_90d_top2_weekly_trend,"{'score_method': 'sortino_mom', 'lookback_days': 90, 'top_k': 2, 'rebalance': 'weekly', 'enable_trend_filter': True, 'sma_period': 200, 'mom_weight': 0.4, 'trend_weight': 0.3, 'vol_weight': 0.3, 'cost_bps': 3.0}",0.0868025036170812,0.0098920861578539,0.2843213255015115,-0.6345973493073898,-0.0531367593179911,-0.0548435506875221,0.0155879727021399,0.332707648991084,2131
